Epoch,LR,Train_Loss,Val_Total,Val_Temp,Val_Press,Val_Velocity
1,0.0001,0.0237704711034894,0.013192037586122751,0.0027153566479682922,0.0052287599828559905,0.02182302763685584
2,0.0001,0.00792669239595081,0.0054720984771847725,0.001452325755963102,0.006254269857890904,0.0070190675323829055
3,0.0001,0.004422159350448937,0.0036246045492589474,0.0008361648360732943,0.004645625711418688,0.004496676498092711
4,0.0001,0.003039292059838772,0.0025868411757983267,0.0004959761499776505,0.0022919598559383303,0.003586087317671627
5,0.0001,0.0021906893375809445,0.0017673445690888911,0.00046925862261559814,0.0012030978396069258,0.0024795352946966887
6,0.0001,0.0015881598122756589,0.0011844518303405493,0.00041546063584974036,0.0008023455156944692,0.001578007242642343
7,0.0001,0.0012375264954188783,0.000891777832293883,0.00041193464130628854,0.0010151045862585306,0.0010402249172329903
8,0.0001,0.0010951624188402836,0.0006188401748659089,0.00035543222475098446,0.0004218889953335747,0.0007814595446689054
9,0.0001,0.0009461594128162798,0.0007271191861946136,0.00037768229231005535,0.0018679401837289333,0.0005597166600637138
10,0.0001,0.0008718701040682694,0.002069631009362638,0.0006385997694451362,0.00961796659976244,0.0005760292697232217
11,0.0001,0.0008032091506968507,0.0003341067349538207,0.0002296647144248709,0.0003295992391940672,0.00038418295298470184
12,0.0001,0.0006842279311086079,0.0002879357598430943,0.00020005591068184003,0.0003320953401271254,0.0003195640674675815
13,0.0001,0.0006655631234135592,0.00025001427638926543,0.00017790345737012103,0.00025825008560786955,0.0002875327700166963
14,0.0001,0.0005303483212077426,0.0002986023901030421,0.00017008997019729577,0.0006380610648193397,0.00026803660148289055
15,0.0001,0.0006678430870648078,0.0002522542235965375,0.00016782473903731443,0.000504444855323527,0.00023149979824665934
16,0.0001,0.0005772707950337931,0.0002047908383246977,0.0001430293395969784,0.000196623788724537,0.0002449305757181719
17,0.0001,0.0005448984871195121,0.000300223364320118,0.00012803542813344393,0.0008756009920034558,0.00022103096853243187
18,0.0001,0.0004974182793927012,0.00028436226421035826,0.00012346254516160116,0.0008291494305012748,0.00021218542315182276
19,0.0001,0.0006665352411800995,0.00019832107500405982,0.00012739743760903366,0.00039579140138812363,0.000188482732482953
20,0.0001,0.0005419833826387978,0.0002853859150491189,0.00011273511336185038,0.0008884280541678891,0.0002022605222009588
21,0.0001,0.0005036638926178442,0.00031794464302947745,0.0001255285806109896,0.001096764870453626,0.00019442325356067158
22,0.0001,0.0005423613783381315,0.0002432913715892937,0.00014092216406424996,0.0007647252205060795,0.00015435220848303288
23,0.0001,0.000653450685521503,0.0002876643920899369,0.0001477080186305102,0.0008069642935879529,0.0002259589782624971
24,0.0001,0.0006234498265037088,0.00013603839397546835,0.0001355973508907482,0.00014066087715036701,0.00014961395027057733
25,0.0001,0.0003690668875633767,0.0001301483189308783,0.00010897445463342592,0.00018456165889801923,0.00013367155770538375
26,0.0001,0.00044261895990613,0.0001888314181996975,0.00011219005864404608,0.0004953398674842902,0.00014580870629288256
27,0.0001,0.0003935199340710162,0.00013430652325041592,0.00012568001147883479,0.000170918263393105,0.00014137594916974194
28,0.0001,0.00042071369049760204,0.0002907863017753698,0.00012355877697700635,0.0012164801155449823,0.0001099387100111926
29,0.0001,0.00041362490182192147,0.0001879876981547568,0.00012038113163725939,0.0006124056199041661,0.0001070086109393742
30,0.0001,0.0004171415145692387,0.0004506843433773611,0.0001979805965675041,0.0016527525149285793,0.00024941033552750014
31,0.0001,0.00043467683942501685,0.0002248206474178005,0.00014197092059475835,0.0005815339245600626,0.00017688080333755352
32,0.0001,0.0003627632084482519,0.00010838877642527223,0.0001103398190025473,0.00015081675883266144,0.00010690575436456129
33,0.0001,0.0003726527403077026,0.00027493231027619913,0.00014937709420337342,0.0009297662909375504,0.00016168711408681702
34,0.0001,0.0004350665342027434,0.00017489120364189148,0.00011116194400528912,0.0005446732830023393,0.0001078777204384096
35,0.0001,0.00036291433758433965,0.0001829519351304043,0.00010793641740747262,0.00048719387996243313,0.0001375538431602763
36,0.0001,0.0003522374377511865,0.00015127599544939585,9.887808482744731e-05,0.00038044046232244,0.00011770150922529865
37,0.0001,0.00036826092510829875,0.00012360749678919092,0.00010614068105496699,0.00023201632575364783,0.0001105168994399719
38,0.0001,0.00045531114235266364,0.00012576731933222618,0.00011790197459049523,0.00019849596719723195,0.00012022884038742632
39,0.0001,0.0003587470679177028,0.00015601889754179865,9.614516602596268e-05,0.0004465753445401788,0.00010525989091547672
40,0.0001,0.0003504598575862915,7.67195215303218e-05,8.798125418252312e-05,8.491924199915957e-05,7.658295999135589e-05
41,0.0001,0.00028722799558608767,0.00010474492046341766,0.00010166750598727958,0.00018395213010080624,9.279797632189002e-05
42,0.0001,0.0003421581334833084,0.0001077165943570435,9.475177012063796e-05,0.000217503409658093,8.93903779797256e-05
43,0.0001,0.00027556583562259084,0.00010999538244504947,9.244777720596176e-05,0.0002820554145728238,7.533261941716773e-05
44,0.0001,0.0002980948673652937,0.00036172741965856403,0.00010372699216532055,0.0015935618430376053,0.00012633446567633655
45,0.0001,0.0003170261697960086,0.00033284895471297204,8.694329062564066e-05,0.0014724477077834308,0.00011963586257479619
46,0.0001,0.0003787196511632029,0.00013376137030718382,8.322657959070057e-05,0.00041117850196314976,8.142603655869607e-05
47,0.0001,0.00027379496609545174,0.00010380476305726916,9.158267766906647e-05,0.00028100638155592605,6.661309180344688e-05
48,0.0001,0.000282844495703819,0.00016305267490679398,8.519152925146045e-05,0.0006744037236785516,5.727308507630369e-05
49,0.0001,0.00042220745517900497,9.451689038542099e-05,9.234515709977131e-05,0.00011599702884268481,9.768767267814837e-05
50,0.0001,0.0003290982909454738,9.798877181310672e-05,9.451157347939443e-05,0.00020955476429662667,7.714487765042577e-05
51,0.0001,0.0003256809440878869,7.487350922019687e-05,8.073871504166164e-05,0.00011822764827229548,6.648633097938728e-05
52,0.0001,0.0002806165478735541,6.791579926357372e-05,8.113437161227921e-05,0.00010132017814612482,5.9812605286424514e-05
53,0.0001,0.00024337280708343977,7.580000965390354e-05,8.681261897436343e-05,0.00012446008622646332,6.410198420780944e-05
54,0.0001,0.00019879190464659283,8.45047616166994e-05,8.295591578644235e-05,0.0001806739946914604,6.321291039057542e-05
55,0.0001,0.0003020594123165321,0.0002510871672711801,8.136419000948081e-05,0.0011116830428363755,8.3589486166602e-05
56,0.0001,0.0002819795046172768,0.00023648719798075035,8.661709125590278e-05,0.0010277498367941007,8.137843815347878e-05
57,0.0001,0.0002552136954336399,0.00020521140322671272,8.366153997485526e-05,0.000867969574755989,7.506385372835211e-05
58,0.0001,0.0003607594365100588,0.00013138895701558795,7.748572897980921e-05,0.0005076989182271063,5.4194968470255844e-05
59,0.0001,0.0002952208903452353,6.180270247568842e-05,7.983465002325829e-05,8.925081237975974e-05,5.208832226344384e-05
60,0.0001,0.00030843422130353497,6.572947040694999e-05,8.107589746941812e-05,8.983345924207242e-05,5.913203949603485e-05
61,0.0001,0.00026578757961308867,6.067394315323327e-05,7.851636473787948e-05,8.845238698995672e-05,5.076291381556075e-05
62,0.0001,0.00022719644061219174,0.00030683086515637115,8.468206215184182e-05,0.0014195543335517868,9.26106240513036e-05
63,0.0001,0.0002500800286670159,8.527648060407955e-05,8.376709320145892e-05,0.00019166931087966077,6.20119953964604e-05
64,0.0001,0.00022917164747151688,5.221037099545356e-05,7.449000258930027e-05,6.519803810078884e-05,4.4613262616621796e-05
65,0.0001,0.00016232447050049703,7.21552432878525e-05,8.037902898649918e-05,0.0001523143182566855,5.243269606580725e-05
66,0.0001,0.00022718202396362992,6.811346065660473e-05,7.848972018109635e-05,0.00013552063592214836,5.099873487779405e-05
67,0.0001,0.00019573244869455019,8.598088243161328e-05,7.49875162000535e-05,0.000254160440817941,4.758537943416741e-05
68,0.0001,0.00017208907240384372,0.00022884256395627744,7.811374052835163e-05,0.0010234294750262052,7.242970514198532e-05
69,0.0001,0.00020822071548371406,6.105247121013235e-05,7.488707342417911e-05,0.000127207600598922,4.157412513450254e-05
70,0.0001,0.00020507003192147803,7.453711896232562e-05,7.583241585962242e-05,0.0001861405726231169,4.743225781567162e-05
71,0.0001,0.0002411824220458088,5.906314436288085e-05,7.624216868862277e-05,9.547330228087958e-05,4.724214886664413e-05
72,0.0001,0.000217874958087288,8.287011223728769e-05,7.278727753146086e-05,0.0002618818216433283,4.094124687981093e-05
73,0.0001,0.00015936383109268112,5.513293399417307e-05,7.12170358383446e-05,0.00011784696289396379,3.4966544262715615e-05
74,0.0001,0.00018519917516228318,4.918788090435555e-05,7.285638548637507e-05,6.670016409771051e-05,3.9071408536983654e-05
75,0.0001,0.00022733730778175718,8.421759957855102e-05,7.104669202817604e-05,0.00030190210964065045,3.269930584792746e-05
76,0.0001,0.0001515301120172918,0.00014580993229174055,7.166280920500867e-05,0.0006647401605732739,3.438362182350829e-05
77,0.0001,0.00026491889542684834,7.53858021198539e-05,7.462001121893991e-05,0.000227480661123991,3.7568250718322815e-05
78,0.0001,0.0002546606296108979,6.898108313180273e-05,7.067562091833679e-05,0.00018184234068030491,4.101885406271322e-05
79,0.0001,0.0002686494435968625,4.902346790913725e-05,6.833150018792367e-05,9.24190735531738e-05,3.304798428871436e-05
80,0.0001,0.00015112746019219753,0.00012231337677803822,7.206305144791258e-05,0.00048056199739221483,4.64868571725674e-05
81,0.0001,0.00023782941427656846,8.210520900320262e-05,7.053906119836029e-05,0.00025396034834557213,4.207142956147436e-05
82,0.0001,0.00021419245361660919,6.0164973547216505e-05,6.948928057681769e-05,0.00010761592875496717,4.9544789362698793e-05
83,0.0001,0.0002114802133071476,0.00016333727398887277,6.981488877499942e-05,0.0007368749793386087,4.529043599177385e-05
84,0.0001,0.00024472913234300603,4.4373633500072174e-05,6.837998353148578e-05,5.252792425380903e-05,3.711197769007413e-05
85,0.0001,0.0002223666407658267,0.000122226358143962,6.72219211992342e-05,0.0005399307847255841,3.0801434149907436e-05
86,0.0001,0.00019824807069116187,8.514383807778358e-05,6.593973375856876e-05,0.00031559033232042566,3.2499548524356214e-05
87,0.0001,0.00020487719787828004,7.978882240422536e-05,6.883505375299137e-05,0.0002600632724352181,3.760911340577877e-05
88,0.0001,0.00025991088213314384,5.5602814427402336e-05,6.473122448369395e-05,0.00011238934530410916,3.985947569162818e-05
89,0.0001,0.00015958172595922159,4.5412710278469604e-05,6.35530159343034e-05,8.513365446560783e-05,2.9346096198423766e-05
90,0.0001,0.00027436193913948074,0.00016148036229424179,6.407737782865297e-05,0.0007839682075427845,2.9727443688898347e-05
91,0.0001,0.00021345672487796313,5.8645388889999595e-05,6.107269291533157e-05,0.00017962004130822606,2.655425714692683e-05
92,0.0001,0.00024536692062886715,0.00018310467203264125,6.618375482503325e-05,0.0008452847541775554,4.9639667849987745e-05
93,0.0001,0.00020779658348835778,8.781413453107234e-05,6.468659194069915e-05,0.00032057565840659663,3.526071213855175e-05
94,0.0001,0.00027651975026608193,6.647865939157782e-05,6.686592769256094e-05,0.00014228466716303956,5.2352856982906815e-05
95,0.0001,0.0003238611640302803,6.168419531604741e-05,6.29586611466948e-05,0.0001503086750744842,4.0940124563348945e-05
96,0.0001,0.0002022131943015142,4.400232955958927e-05,5.8754265410243534e-05,7.675380402361043e-05,3.180272597091971e-05
97,0.0001,0.00015299658017201264,4.204627657600213e-05,5.921920637774747e-05,5.782001790066715e-05,3.393815950403223e-05
98,0.0001,0.00015418367602802445,9.053697067429312e-05,5.6794633565004915e-05,0.00033760477890609764,3.7616528061334975e-05
99,0.0001,0.00023788413521039976,7.20434600225417e-05,5.8769885981746484e-05,0.0002188007019867655,3.9028959690767806e-05
100,0.0001,0.00017303568551362719,7.106680277502164e-05,5.5333663112833165e-05,0.0002493649662937969,2.9013636321906233e-05
101,0.0001,0.0001740672787215744,4.618054026650498e-05,5.549541310756467e-05,9.137314191320911e-05,3.1726217002869816e-05
102,0.0001,0.00017671943692910259,0.00011270560571574606,5.4098290092952084e-05,0.00046078279410721734,4.0731839362706523e-05
103,0.0001,0.00021833626493444723,5.173206864128588e-05,6.026056325936224e-05,9.273304840462515e-05,4.125599207327468e-05
104,0.0001,0.00021917420797928406,4.2095926801266614e-05,5.5981852710829116e-05,5.727222469431581e-05,3.584802743716864e-05
105,0.0001,0.00020403654883866142,7.21268243069062e-05,5.1324179366929457e-05,0.00025584645482013,3.0408156362682348e-05
106,0.0001,0.00019283017812113306,8.738459928281372e-05,5.478141065395903e-05,0.00033985613481490873,3.219381960661849e-05
107,0.0001,0.00019546772141025443,6.983096955082146e-05,4.628732949640835e-05,0.00024533468604204245,3.1419283914146945e-05
108,0.0001,0.0001811962021306637,3.3345515021210304e-05,4.817477110918844e-05,4.992118283553282e-05,2.4004690203582868e-05
109,0.0001,0.00017497089494568309,5.906540263822535e-05,5.15926244588627e-05,0.00019726633763639256,2.5483752779109636e-05
110,0.0001,0.00015607661947742048,3.8880022657394875e-05,4.712296140496619e-05,8.465607652397011e-05,2.390568488408462e-05
111,0.0001,0.00016357925679502924,4.234426160110161e-05,4.91036707899184e-05,8.399374291911954e-05,2.9946123504487332e-05
112,0.0001,0.00017260399225492483,3.6263891161070205e-05,4.564577147903037e-05,6.884820777486311e-05,2.4370395294681657e-05
113,0.0001,0.00017761607512401304,4.106865571884555e-05,4.726464385385043e-05,9.819206707106787e-05,2.3057333237375133e-05
114,0.0001,0.00020286402016636478,3.618670234573074e-05,4.1052684537135065e-05,4.946642820868874e-05,3.1750751986692194e-05
115,0.0001,0.00022645011951240258,0.00014988583643571474,5.256903386907652e-05,0.0006839003835921176,4.236397580825724e-05
116,0.0001,0.00021817151211893582,4.6296567234094255e-05,4.552697191684274e-05,0.00010462482350703795,3.12820375256706e-05
117,0.0001,0.00017808801721636854,3.937848759960616e-05,4.492125208344078e-05,7.288164124474861e-05,2.9652906505361898e-05
118,0.0001,0.00020456008761274543,4.143858313909732e-05,4.879903917753836e-05,0.00010333147019991884,2.2939304926694604e-05
119,0.0001,0.00018562492043587775,5.391686954681063e-05,4.341900239523966e-05,0.0001479135771660367,3.333603171995492e-05
120,0.0001,0.00018004923119654202,4.335322773840744e-05,4.163205358054256e-05,0.0001145103797171032,2.397057187408791e-05
121,0.0001,0.00017438027944907927,3.981592544732848e-05,4.228031775710406e-05,9.636630784370936e-05,2.3739734842820326e-05
122,0.0001,0.0001986904448351583,4.579795768222539e-05,4.3822733459819574e-05,0.0001248858125109109,2.545991037550266e-05
123,0.0001,0.00014101275453206406,0.00018831532361218706,4.22179859924654e-05,0.0009332616609754041,3.830262994597433e-05
124,0.0001,0.00028457487915699005,7.709212150075473e-05,4.4624189285968896e-05,0.0002878548184526153,3.256684067309834e-05
125,0.0001,0.00020271949291451494,3.601449270718149e-05,4.3967694637103705e-05,5.800847884529503e-05,2.7552348456083564e-05
126,0.0001,0.00017574407921170914,5.073787360743154e-05,4.1267929645982804e-05,0.0001603877062734682,2.4092224066407653e-05
127,0.0001,0.00018371633880385409,3.132713391096331e-05,3.960743515563081e-05,4.978068591299234e-05,2.352799037907971e-05
128,0.0001,0.00023768728875218199,6.306250543275382e-05,3.7654257994290674e-05,0.00023094669813872315,2.640434149725479e-05
129,0.0001,0.00017599606375866145,3.305587961222045e-05,3.617003221734194e-05,6.0472746554296464e-05,2.4144129383785184e-05
130,0.0001,0.00017119310001417585,3.297651801403845e-05,3.6207529319653986e-05,4.597342103807023e-05,2.9288205951161217e-05
131,0.0001,0.00019244289818964194,3.1287527690437855e-05,3.463743723841617e-05,5.352838616090594e-05,2.379633087912225e-05
132,0.0001,0.00019409167174616772,7.156866922741756e-05,4.1275552575825714e-05,0.000300377891107928,2.016682765315636e-05
133,0.0001,0.00023306206761238477,0.00016188264271477237,4.683180941356113e-05,0.0008204135665437207,2.5923637622327078e-05
134,0.0001,0.00022310198437480722,2.752444561338052e-05,3.579981603252236e-05,4.012787303508958e-05,2.0802679500775412e-05
135,0.0001,0.00015098167723132946,3.725232909346232e-05,3.427829278734862e-05,9.690026854514144e-05,2.1761114567198092e-05
136,0.0001,0.00018431925844087152,3.18638167300378e-05,3.2429531529487576e-05,5.776078251074068e-05,2.4450827368127648e-05
137,0.0001,0.00018042085679498445,4.807554250874091e-05,3.291233269919758e-05,0.00015434286615345627,2.3970620986801805e-05
138,0.0001,0.00017295056954246706,4.997021096642129e-05,3.049417091460782e-05,0.00016580407464061864,2.4939213744801236e-05
139,0.0001,0.00018233716924221494,4.0805176467983983e-05,2.9856685159757035e-05,0.00012006664292130154,2.2471490865427768e-05
140,0.0001,0.00018745666338046166,0.00012278565918677486,3.5398245472606504e-05,0.0005915372603340074,2.653827687026933e-05
141,0.0001,0.00013022494975743803,4.5849383241147734e-05,3.36484072249732e-05,0.00015240065658872481,2.0812298771488713e-05
142,0.0001,0.00018819861008633973,3.912313013643143e-05,2.8295328775129747e-05,0.0001115745058086759,2.2415388230001554e-05
143,0.0001,0.0001620867353653232,3.3857381822599564e-05,2.5620664928283077e-05,7.186127641034545e-05,2.546180849094526e-05
144,0.0001,0.00019101220983209328,4.469653231353732e-05,2.490240785846254e-05,0.00012306421194807626,3.09264046336466e-05
145,0.0001,0.00019680549815926827,3.0244919798860792e-05,3.434105929045472e-05,5.592707657342544e-05,2.1708581243728986e-05
146,0.0001,0.00014694899299215513,2.80348076557857e-05,2.7704187232302502e-05,5.133047625349718e-05,2.088460360027966e-05
147,0.0001,0.00015680206651626523,2.4720104647713015e-05,3.1255302019417286e-05,3.2750037462392356e-05,1.9706900502569624e-05
148,0.0001,0.00021974847643860178,6.250033493415685e-05,2.5054651814571116e-05,0.00022768277995055541,3.0466481348412344e-05
149,0.0001,0.00018459153089321316,3.5203648621973116e-05,2.944221796497004e-05,8.994703421194572e-05,2.1487419871846214e-05
150,0.0001,0.00015178160108255477,2.6792496100824792e-05,2.8737961656588595e-05,3.2262034437735565e-05,2.5027647552633425e-05
151,0.0001,0.00023655417283986355,3.767891030292958e-05,3.406853556953138e-05,6.410652713384479e-05,3.454580382822314e-05
152,0.0001,0.00019167975562705772,0.00014808026571699884,3.803635127042071e-05,0.0007576240823254921,2.255088793390314e-05
153,0.0001,0.00014362739167347283,3.003188930961187e-05,2.6417563731229166e-05,7.759122581774136e-05,1.6988725974442787e-05
154,0.0001,0.0001298953635396725,2.6000034267781302e-05,2.5047469534911215e-05,5.1185901611461304e-05,1.8225046233055764e-05
155,0.0001,0.00015509996724590152,2.6723152586782817e-05,2.6374600111012114e-05,5.040355790697504e-05,1.970672565221321e-05
156,0.0001,0.0001437360676363548,4.755880854645511e-05,2.875210157071706e-05,0.00017225892224814743,1.9573393728933297e-05
157,0.0001,0.00018304602197145647,4.146644550928613e-05,2.5502261905785417e-05,0.00011717742199834902,2.7061766559199896e-05
158,0.0001,0.00018856182583531887,9.27259407035308e-05,2.5638536953920266e-05,0.0004418885800987482,2.1218562778813066e-05
159,0.0001,0.00014973213866610558,3.085214621023624e-05,2.2571426143258577e-05,7.343671404669294e-05,2.070746563731518e-05
160,0.0001,0.0001424819888184588,2.9384304070845246e-05,2.380768273724243e-05,6.423290233215084e-05,2.077179078696645e-05
161,0.0001,0.0001494051484769443,3.7895666537224315e-05,2.2082670056988718e-05,0.00012132380470575299,2.0091872784178122e-05
162,0.0001,0.0001455345054361687,2.798106697809999e-05,2.2050699499231996e-05,6.673117968603037e-05,1.8441016663928167e-05
163,0.0001,0.00014208691848607762,3.042569142053253e-05,2.0371670871099923e-05,6.931780262675602e-05,2.252616604891955e-05
164,0.0001,0.0001682993221369212,2.3562056412629317e-05,2.048542955890298e-05,3.119709117527236e-05,2.1996226223564008e-05
165,0.0001,0.00021518473427435808,7.506349174946081e-05,2.4239114281954244e-05,0.00031922428752295673,2.6020539280580124e-05
166,0.0001,0.00018478237286740983,2.1716200080845738e-05,2.4604414647910744e-05,3.177778899043915e-05,1.7018281141645275e-05
167,0.0001,0.00012888540599802084,4.1647733269201126e-05,2.2248935920288204e-05,0.00014204360559233464,2.0492828070928226e-05
168,0.0001,0.00015131101016860075,3.1920465062285075e-05,1.8147796026823926e-05,9.035131552082021e-05,1.9558774511097e-05
169,0.0001,0.00014158512556495032,6.091538853070233e-05,2.1162847588129807e-05,0.00024619076793896966,2.44272309828375e-05
170,0.0001,0.0001454117474085334,5.4051588449510746e-05,2.1513364345082664e-05,0.00021123565602465533,2.219400994363241e-05
171,0.0001,0.0001693924027539183,5.448418505693553e-05,2.1702822550651035e-05,0.0002087232678604778,2.4123625735228416e-05
172,0.0001,0.00013546152579444671,2.847871883204789e-05,2.6773828267323552e-05,7.077913414832437e-05,1.6399381138398894e-05
173,0.0001,0.00017181478704680393,6.418213069991907e-05,2.7864753974427003e-05,0.00026380437702755444,2.3567098651255947e-05
174,0.0001,0.00016148089316354316,3.314223522465909e-05,2.5437052045163e-05,7.909932173788548e-05,2.2193803488335107e-05
175,0.0001,0.0001695050410269301,6.642217886110302e-05,1.8852981156669557e-05,0.00028488182579167187,2.3121792310121236e-05
176,0.0001,0.00013133683679563657,2.4075977307802532e-05,1.846117038439843e-05,5.9500789575395174e-05,1.4902674593031406e-05
177,0.0001,0.0001673226959224628,2.190585382777499e-05,2.1120360088389134e-05,3.708208259922685e-05,1.6860932873896672e-05
178,0.0001,0.00023008691509444773,6.26298351562582e-05,2.494283762644045e-05,0.00022536378673976287,3.3570375308045186e-05
179,0.0001,0.00013373995556541945,2.032633074122714e-05,2.3240170321514597e-05,2.793442217807751e-05,1.5660328699595993e-05
180,0.0001,0.0001979416647924209,3.809852205449715e-05,2.2252917688092566e-05,0.00010730075700848829,2.5665713565103943e-05
181,0.0001,0.00014308270306862664,3.341494266351219e-05,1.817259362724144e-05,0.00010512304834264796,1.7882062593344017e-05
182,0.0001,0.00010204527114348656,1.8562986042525154e-05,2.133385146407818e-05,2.204130601057841e-05,1.5460110716958297e-05
183,0.0001,0.00017266228050258096,2.416084043943556e-05,2.0453394199648756e-05,4.87289853481343e-05,1.8111467397829983e-05
184,0.0001,0.00017628167524614554,2.2105180050857598e-05,2.1171565322219976e-05,3.879504856740823e-05,1.6782859347586054e-05
185,0.0001,0.00011119743926842189,2.8469281915022293e-05,1.747576288835262e-05,7.434825420205016e-05,1.8739939832812524e-05
186,0.0001,0.00014182583204687532,2.4767165541561553e-05,2.111279468408611e-05,4.758893010148313e-05,1.9275319573353045e-05
187,0.0001,0.00012089557364533627,2.017149063249235e-05,1.7801151443563867e-05,3.083309638896026e-05,1.709714024400455e-05
188,0.0001,0.00012658702827607294,5.254394454823341e-05,2.2566755205843947e-05,0.00020189676797599532,2.219534962932812e-05
189,0.0001,0.00020082136892817675,6.398219466063892e-05,2.2497055851999903e-05,0.00026325401631766,2.388736447755946e-05
190,0.0001,0.00018338583410668159,2.7485872124088928e-05,2.135687736881664e-05,6.964074964344036e-05,1.7059800939023262e-05
191,0.0001,0.00013184063766058182,2.2780303424951853e-05,2.0411260948094423e-05,3.856224975606892e-05,1.8453605662216432e-05
192,0.0001,0.0001341478836173227,2.460997257003328e-05,2.2329795683617704e-05,4.925775920128217e-05,1.867398577815038e-05
193,0.0001,0.00015096995023420524,2.690876863198355e-05,1.4390443766387762e-05,7.669404294574633e-05,1.6229324728556094e-05
194,0.0001,0.00011248919360117394,3.168512375850696e-05,1.4605184560423368e-05,0.00010085311078000814,1.7849641380962566e-05
195,0.0001,0.00010295051734746349,5.283984137349762e-05,1.649937644288002e-05,0.0002258603744849097,1.669241100898944e-05
196,0.0001,0.00010615272091826861,4.192448795947712e-05,1.492549176873581e-05,0.00016785767820692854,1.5863256749071297e-05
197,0.0001,0.00013500329485836892,3.248683833589894e-05,1.9920927570638014e-05,9.387249156134203e-05,2.0102403141208924e-05
198,0.0001,0.00014831835930332696,2.1261375877656974e-05,1.785743825166719e-05,4.5369964027486276e-05,1.4651109950136743e-05
199,0.0001,0.00011013079363858031,2.5267762339353794e-05,1.808946353776264e-05,5.369166274249437e-05,1.8632825231179595e-05
200,0.0001,9.483009043006777e-05,2.4030456188484095e-05,1.802340307222039e-05,6.551701881107874e-05,1.3479212384481798e-05
201,0.0001,0.0001518023995176367,3.653916883195052e-05,2.160801363970677e-05,0.00011435103442636319,1.9012198890777654e-05
202,0.0001,9.951809189453454e-05,5.261747901386116e-05,1.657590155446087e-05,0.00020150623095105402,2.479311069691903e-05
203,5e-05,0.00012475565816919587,0.00010084805944643449,2.213355651292659e-05,0.00046998804464237764,2.880333386201528e-05
204,5e-05,0.00016293626311270407,1.83023335011967e-05,1.970303605958179e-05,2.9909836939623347e-05,1.3163421954232035e-05
205,5e-05,0.00014157230643005195,3.080705391766969e-05,1.5739082073196187e-05,0.00010182424193772022,1.5570801451758598e-05
206,5e-05,0.00011818217182845922,1.6051869351940695e-05,1.7998411522057722e-05,2.29257477712963e-05,1.1883874549312168e-05
207,5e-05,7.362482952113638e-05,1.569788014421647e-05,1.3267658914628555e-05,2.6410594045955804e-05,1.1851132740048342e-05
208,5e-05,0.00012866756462630514,2.3013217742118286e-05,1.8566177459433675e-05,6.089385169616435e-05,1.3250171150502865e-05
209,5e-05,0.00012443835035038788,2.4957238110800972e-05,1.828444555940223e-05,7.837440170987975e-05,1.125191511164303e-05
210,5e-05,0.00017826099346248984,4.5750879507977515e-05,1.5505749615840614e-05,0.0001887199377961224,1.7099724800573313e-05
211,5e-05,0.00012329976054774528,3.0537192742485786e-05,1.3244507044873899e-05,0.00010798243056342471,1.3721959930990124e-05
212,5e-05,0.00011492615745241478,2.98654899779649e-05,1.4041443819223787e-05,0.00010727646076702513,1.2562989013531478e-05
213,5e-05,0.00012545875365917297,2.5662051029939903e-05,1.803925511012494e-05,7.675504457438365e-05,1.3061375739198411e-05
214,5e-05,0.00013755075826448967,2.057264327959274e-05,1.203039050778898e-05,5.0684925554378424e-05,1.350783827547275e-05
215,5e-05,0.00011292186550373586,3.146509288853849e-05,1.4605991054850165e-05,0.00011931383232877124,1.155040104094951e-05
216,5e-05,0.00010443255166936785,2.2928619273443474e-05,1.6005849374778336e-05,6.996607680775924e-05,1.083919210032036e-05
217,5e-05,0.00011832344259318867,1.528031702946464e-05,1.5121748219826259e-05,2.2191642074176343e-05,1.1904124221473467e-05
218,5e-05,9.205493593485285e-05,2.088920973619679e-05,1.477980799791112e-05,5.733633861382259e-05,1.14662275336741e-05
219,5e-05,6.890187973057795e-05,1.6033846350183012e-05,1.4478266166406684e-05,2.5763906251086155e-05,1.2206834071548656e-05
220,5e-05,0.0001301610606209248,2.8958661459910218e-05,1.5580263607262168e-05,8.532998617738485e-05,1.8285606984136393e-05
221,5e-05,9.874761781247798e-05,1.5453849528057617e-05,1.4069359508539492e-05,2.021610748670355e-05,1.3416154843071126e-05
222,5e-05,0.0001339099861511248,2.7709575078915805e-05,1.7682460565993097e-05,8.479517964588013e-05,1.4925145933375461e-05
223,5e-05,0.00015131927019948225,2.238347860838985e-05,1.6473691630380927e-05,5.3114180445845705e-05,1.539666618555202e-05
224,5e-05,0.00015721243063594693,1.6097114439617144e-05,1.4545193835147074e-05,2.9113953132764436e-05,1.177872331936669e-05
225,5e-05,0.00010225684364382742,2.7920378215640085e-05,1.4890502598063904e-05,0.00010262102478009183,1.0831758118001744e-05
226,5e-05,9.551518566943493e-05,1.9971444771726965e-05,1.5011759387562051e-05,4.85949644826178e-05,1.2325457191764144e-05
227,5e-05,0.00012562296890819474,1.7904541891766712e-05,1.4649930335508543e-05,3.099976402154425e-05,1.3543258091885946e-05
228,5e-05,0.00013979934760065976,2.4394991214649053e-05,1.3255112662591273e-05,6.814817129452422e-05,1.444916779291816e-05
229,5e-05,9.097437605581062e-05,1.9466181583993603e-05,1.22990413728985e-05,4.49620215476898e-05,1.3296608585733338e-05
230,5e-05,0.00012681434721647142,1.5744195252409554e-05,1.4663992033092654e-05,2.6583829821902327e-05,1.128718849940924e-05
231,5e-05,0.00010784097021039061,1.6870233366717002e-05,1.110344805965724e-05,3.51244602825318e-05,1.2088170024071587e-05
232,5e-05,0.0001052707780907054,1.8291474361831206e-05,1.0920209660980618e-05,4.2575724592097686e-05,1.303891372117505e-05
233,5e-05,0.00011520585874016184,1.3718757372771506e-05,1.2173575896667899e-05,1.893479770842532e-05,1.1110666491731536e-05
234,5e-05,0.0001037746478411436,2.8884996027045418e-05,1.415077917954477e-05,9.710040285426658e-05,1.4083089354244294e-05
235,5e-05,8.492387182327961e-05,1.8416927559883334e-05,1.4063244179851608e-05,4.318658102420159e-05,1.1766322359108017e-05
236,5e-05,0.00010872139839855002,2.0243325707269832e-05,1.2690654330071993e-05,5.153774873178918e-05,1.3150728591426741e-05
237,5e-05,8.222404807328888e-05,1.5689151268816204e-05,1.2424967962942901e-05,2.5629719857533928e-05,1.281085883420019e-05
238,5e-05,0.00012107020227796801,3.864528571284609e-05,1.1946841027565824e-05,0.00015179221372818574,1.6985187812679214e-05
239,5e-05,9.688449385562721e-05,7.14362340659136e-05,1.560607779538259e-05,0.0003422081208555028,1.6378192867705366e-05
240,5e-05,0.0001006619666330869,3.9789174479665235e-05,1.3623924132843968e-05,0.00017261418179259636,1.1440997923273244e-05
241,5e-05,0.00010228124676469827,1.7774451634977595e-05,1.5056069742058753e-05,3.617707170633366e-05,1.2425522527337307e-05
242,5e-05,0.00012206834947970823,1.6434912367913057e-05,1.2063742701684532e-05,3.2398102348452085e-05,1.2248613302290323e-05
243,5e-05,9.350194368656075e-05,2.4746185317781055e-05,1.031011299801321e-05,8.539075952285202e-05,1.1703418522301945e-05
244,5e-05,0.00011657407087499671,1.4359188071466633e-05,1.0817660268003237e-05,2.5679569716885453e-05,1.0994216381732258e-05
245,5e-05,0.00010224142023975163,2.483883872628212e-05,1.0779043918773823e-05,8.219699702749494e-05,1.2871344551967923e-05
246,5e-05,8.034879300050142e-05,1.4844581528450362e-05,1.2955574220541166e-05,2.812934826579294e-05,1.0307907587048248e-05
247,5e-05,0.00013054515459247563,2.633213216540753e-05,1.342284599559207e-05,9.382178177474998e-05,1.1507914450703538e-05
248,5e-05,8.763337557342531e-05,3.407374833841459e-05,1.3912214853917249e-05,0.0001433263132639695,1.0502229088160675e-05
249,5e-05,9.17805248746211e-05,2.397220850980375e-05,1.3036840073255007e-05,7.32291910026106e-05,1.3023741757933749e-05
250,5e-05,8.146247866093428e-05,2.4364112732655485e-05,1.3660069271281827e-05,7.868899956520181e-05,1.1921037184947636e-05
251,5e-05,9.635202111508768e-05,1.7648606217335328e-05,1.1252112471993314e-05,4.5308985136216506e-05,1.0803916893564747e-05
252,5e-05,0.00010147003409987188,1.823758429964073e-05,1.3566171674028737e-05,4.049664858030155e-05,1.2619010021808208e-05
253,5e-05,8.482704269033891e-05,1.8541425106377574e-05,1.3320767266122857e-05,4.512433133641025e-05,1.1377691635061637e-05
254,2.5e-05,0.00011635054466530687,1.5678403315178002e-05,1.2781966688635293e-05,2.756759158728528e-05,1.2146252629463561e-05
255,2.5e-05,0.00010317229559101786,3.2056700547400396e-05,1.3792680647384259e-05,0.00012604020048456732,1.193240177599364e-05
256,2.5e-05,8.755204130879561e-05,1.5996816046026652e-05,1.1097740525656263e-05,3.6949030345567735e-05,1.066280515260587e-05
257,2.5e-05,8.843491523844987e-05,1.3506705499821692e-05,1.2623631164387916e-05,2.051842102446244e-05,1.0443043038321775e-05
258,2.5e-05,8.384684136244962e-05,2.7011030397261493e-05,1.0822867579918238e-05,9.368273822474293e-05,1.313554616899637e-05
259,2.5e-05,8.061802900831962e-05,1.4515394013869809e-05,1.226432982548431e-05,2.8907536488986807e-05,9.954024108083104e-06
260,2.5e-05,0.00010636480780676445,1.5764348518132465e-05,1.1774426411648165e-05,3.204199902029359e-05,1.1245486120969872e-05
261,2.5e-05,5.9753447947679724e-05,1.6398602156186826e-05,1.1120428098365664e-05,4.0128060390998144e-05,1.0310333209417877e-05
262,2.5e-05,7.823319215689976e-05,1.5932014321151655e-05,1.1482783520477824e-05,3.6997831557528116e-05,1.0401062468190503e-05
263,2.5e-05,6.441351001051248e-05,1.6242960782619775e-05,1.0421076922284556e-05,3.993711789007648e-05,1.0586539474388701e-05
264,2.5e-05,7.202372925155831e-05,2.074603480650694e-05,1.2186510502942838e-05,6.297370600805152e-05,1.0781920309455018e-05
265,2.5e-05,6.672538788596725e-05,1.2720452787107206e-05,1.1261265171924606e-05,1.823255911403976e-05,1.037779861690069e-05
266,2.5e-05,6.148190175625848e-05,1.2455563137336867e-05,1.1320107546453073e-05,1.8176421463067527e-05,9.771176564754569e-06
267,2.5e-05,6.57304348571801e-05,1.629048347240314e-05,1.1846600273202057e-05,4.021359518446843e-05,9.886976158668404e-06
268,2.5e-05,8.916006729784634e-05,1.4141396150080254e-05,1.1808726640083478e-05,2.5958385776903015e-05,1.029565851240477e-05
269,2.5e-05,7.197407855776625e-05,1.2829672186853713e-05,1.0651570846675895e-05,2.0837400825257646e-05,9.945273632183671e-06
270,2.5e-05,6.589422498632992e-05,1.2762352071149508e-05,1.1136083685414633e-05,2.0033678993058857e-05,9.921834703163768e-06
271,2.5e-05,6.686462463469731e-05,1.3471901866068947e-05,1.0632909607011243e-05,2.3801678253221326e-05,1.0379534273852187e-05
272,2.5e-05,7.901383852378896e-05,1.76844253019226e-05,1.2314921150391456e-05,4.233773415762698e-05,1.1523915759426018e-05
273,2.5e-05,6.310709208760686e-05,1.4575092336599482e-05,1.0662817544471181e-05,2.996663715748582e-05,1.0511946129554417e-05
274,2.5e-05,0.00010461130825040692,1.5981155229383148e-05,1.0976649491567514e-05,2.847327596100513e-05,1.3378608173297835e-05
275,2.5e-05,6.254454833789637e-05,1.6252471823463566e-05,1.3040179283052566e-05,3.0621271889685886e-05,1.2422143527146545e-05
276,2.5e-05,9.094814826808447e-05,1.5578675629512873e-05,1.2824220675611286e-05,3.147222196275834e-05,1.096200412575854e-05
277,2.5e-05,6.722010262323734e-05,1.3412947282631649e-05,1.1474816119516618e-05,2.3636273226657067e-05,9.996694871006184e-06
278,2.5e-05,5.888939014050376e-05,1.2464407063816907e-05,1.0555117114563473e-05,1.8314907038075035e-05,1.0419890259072417e-05
279,2.5e-05,7.58393564892961e-05,1.3642386875289958e-05,1.2260689118193113e-05,2.0078263787581818e-05,1.1652619150481769e-05
280,2.5e-05,9.035320277744728e-05,1.290733462155913e-05,1.0294816320310929e-05,1.9313215943839168e-05,1.097782978831674e-05
281,2.5e-05,6.332940742912328e-05,1.2540188436105382e-05,1.137101116910344e-05,1.9333888303663116e-05,1.008755839393416e-05
282,2.5e-05,8.268318381879274e-05,1.7430302477805526e-05,1.282695438931114e-05,4.019538982902304e-05,1.2065463351973449e-05
283,2.5e-05,7.068842924954052e-05,1.4256376971388818e-05,1.1741840580725693e-05,2.17515905660548e-05,1.2210302202220191e-05
284,2.5e-05,6.299996006088226e-05,2.8528824259410612e-05,1.0355213362345239e-05,0.000111170196760213,1.1791388033088879e-05
285,2.5e-05,8.277831591730126e-05,1.4600836721001542e-05,9.122209462475439e-06,2.7174095976079116e-05,1.2214517937536584e-05
286,2.5e-05,8.4797470607913e-05,1.2460024663596414e-05,1.0926042477876763e-05,1.753356968947628e-05,1.0471519772181637e-05
287,1.25e-05,8.867660256907006e-05,1.643658379180124e-05,1.0519137958908686e-05,3.704726668729563e-05,1.1989754739261116e-05
288,1.25e-05,6.756951271117114e-05,1.269640074497147e-05,9.827474855228502e-06,1.893457829282852e-05,1.0963522072415799e-05
289,1.25e-05,5.423322363640182e-05,1.5087923884493648e-05,1.1663298209896311e-05,3.061596498810104e-05,1.1010274761247274e-05
290,1.25e-05,6.641831284716979e-05,1.8330178818359855e-05,1.1413134870963404e-05,5.2482094361039344e-05,1.0393346428827499e-05
291,1.25e-05,7.115538248785235e-05,1.647995122766588e-05,1.225765299750492e-05,3.766843656194396e-05,1.0997094250342343e-05
292,1.25e-05,8.662539108406759e-05,2.036748651335074e-05,1.2423570979080978e-05,5.7269713579444215e-05,1.2006445331280702e-05
293,1.25e-05,7.350223768298747e-05,1.6543338006158592e-05,1.2773431535606505e-05,3.764624443647335e-05,1.1209290505576064e-05
294,1.25e-05,7.43115942344902e-05,1.6458897562188213e-05,1.2443378636817215e-05,3.610293879319215e-05,1.1369766298230388e-05
295,1.25e-05,6.427452105774798e-05,1.5756161701574456e-05,1.214505016378098e-05,3.320650466775987e-05,1.124767777582747e-05
296,1.25e-05,6.977972183945398e-05,1.7906319499161327e-05,1.0876615533561562e-05,4.962971979693975e-05,1.0830426163010998e-05
297,1.25e-05,4.76567409240295e-05,1.4932710882931133e-05,1.1760179177144892e-05,2.969272645714227e-05,1.1082111427640484e-05
298,1.25e-05,4.990527158401109e-05,1.5497652611884405e-05,1.1379175703041255e-05,3.3804849181251484e-05,1.092734441954235e-05
299,1.25e-05,6.402333355887977e-05,1.9190277726011118e-05,1.3655516340804752e-05,5.149820299266139e-05,1.150882098954753e-05
300,1.25e-05,4.9882914908900574e-05,1.6748120742704486e-05,1.2704386790574063e-05,3.490918174975377e-05,1.2276065945115988e-05
301,1.25e-05,5.1620294250438526e-05,1.6829525065986672e-05,1.2303966514082276e-05,3.460498737695161e-05,1.26165564324765e-05
302,1.25e-05,6.850222929312044e-05,1.6959405002126005e-05,1.2052745887558558e-05,3.797701947405585e-05,1.1931939980058814e-05
303,1.25e-05,5.177994306436493e-05,1.8559067484602565e-05,1.3398434703049134e-05,4.781676148013503e-05,1.142971564149775e-05
304,1.25e-05,5.594237821545297e-05,1.844517350946262e-05,1.14075215833509e-05,5.0678755087574245e-05,1.1100074743808364e-05
305,1.25e-05,5.21197854609592e-05,2.026402648880321e-05,1.4688878991364618e-05,5.3375646530184895e-05,1.2289088090255973e-05
306,1.25e-05,5.346813004231962e-05,1.5882618754403666e-05,1.1700932873282e-05,3.2924915103649255e-05,1.1748268661904149e-05
307,1.25e-05,4.3869685682831474e-05,1.4341353562485892e-05,1.1136522516608238e-05,2.7841756491397973e-05,1.0776954241009662e-05
308,6.25e-06,6.226121028400182e-05,1.4324073845273233e-05,1.1467403965070844e-05,2.6261208859068574e-05,1.1067715377066634e-05
309,6.25e-06,4.752688908576436e-05,1.670883079896157e-05,1.0954523759210133e-05,4.1924216702682315e-05,1.0941414075205103e-05
310,6.25e-06,4.5305038590661503e-05,1.4987205759098288e-05,1.2572677178468439e-05,2.8371332973620156e-05,1.134633612309699e-05
311,6.25e-06,4.374394150848578e-05,1.5322184708566056e-05,1.21863497497543e-05,3.1113193017517915e-05,1.119135936278326e-05
312,6.25e-06,5.177022059356342e-05,1.6401447282987647e-05,1.1712634204741335e-05,3.9583666421094676e-05,1.0816705980687402e-05
313,6.25e-06,3.9923583851001844e-05,1.536741910967976e-05,1.0891344345509424e-05,3.4454314118193e-05,1.0711534173424297e-05
314,6.25e-06,3.896181329544175e-05,1.4027580164110987e-05,1.0683004120437545e-05,2.889665415750642e-05,1.0243093811368453e-05
315,6.25e-06,5.21085814784094e-05,1.5510068351431983e-05,1.231222245223762e-05,3.0089429401414236e-05,1.1846595725728548e-05
316,6.25e-06,4.903538697500621e-05,1.6121209000630188e-05,1.339032291980402e-05,3.0567522799174185e-05,1.2552022781164851e-05
317,6.25e-06,4.55093356845971e-05,1.8999474832526175e-05,1.2762467576976633e-05,4.825291102861229e-05,1.2546714060590602e-05
318,6.25e-06,5.9422920926546354e-05,1.5610776472385623e-05,1.0620722946441674e-05,3.530809499352472e-05,1.1082615856139455e-05
319,6.25e-06,3.821115600051902e-05,1.4947324416425545e-05,1.1853959222207777e-05,3.0247480026446283e-05,1.1014255392183259e-05
320,6.25e-06,3.73316549457465e-05,1.4773230532227899e-05,1.1750145631594933e-05,2.9228858011265402e-05,1.0978978593811917e-05
321,6.25e-06,4.883495448942113e-05,1.4975108797443681e-05,1.1832735708594555e-05,2.8300559279159643e-05,1.1589275118240039e-05
322,6.25e-06,3.647191406895273e-05,1.460980047340854e-05,1.0993864862030023e-05,2.8070747248420957e-05,1.1267968375250348e-05
323,6.25e-06,3.6305482215980056e-05,1.3987811826154939e-05,1.2126627552788705e-05,2.4707700958970236e-05,1.083662937162444e-05
324,6.25e-06,4.582569955814644e-05,1.5343121049227193e-05,1.1972397942372481e-05,3.118639961030567e-05,1.1469265700725373e-05
325,6.25e-06,3.464464412955391e-05,1.775880286913889e-05,1.2329942364885937e-05,4.3435011320980266e-05,1.180099332032114e-05
326,6.25e-06,3.6948631477020115e-05,1.5785347159180674e-05,1.1139816479044384e-05,3.4940616842504824e-05,1.1351539342285832e-05
327,6.25e-06,3.781393192956316e-05,1.6012306105039897e-05,1.2500310276664095e-05,3.329856963318889e-05,1.1655258390419476e-05
328,6.25e-06,3.7639124870607205e-05,2.050673947451287e-05,1.3432032346827327e-05,5.889736894459929e-05,1.1959079301959719e-05
329,3.125e-06,4.1041789286695845e-05,2.0193511318211677e-05,1.333090540356352e-05,5.5727891322021605e-05,1.2250935014890274e-05
330,3.125e-06,3.68681983562772e-05,1.5953044794514426e-05,1.3046181038589566e-05,3.187258084835776e-05,1.190893522107217e-05
331,3.125e-06,3.811128300929506e-05,1.7477138953836402e-05,1.3353875601751497e-05,4.117338721698616e-05,1.1802503422586597e-05
332,3.125e-06,3.808222355115559e-05,1.5981841897882987e-05,1.1855677257699426e-05,3.414524508116301e-05,1.1656414244498592e-05
333,3.125e-06,3.587080055061079e-05,1.7207894643433974e-05,1.2711399449472083e-05,3.909125507561839e-05,1.2063698250130983e-05
334,3.125e-06,3.5177012416004963e-05,1.5066050082168658e-05,1.1460219639047864e-05,2.912182435466093e-05,1.1679614999593468e-05
335,3.125e-06,3.222699292977764e-05,1.7203591823999886e-05,1.2226223816469428e-05,4.028231614938704e-05,1.1874313713633455e-05
336,3.125e-06,3.3151661723836284e-05,1.74244416939473e-05,1.1501299695737544e-05,4.321895062275871e-05,1.1683131333484198e-05
337,3.125e-06,3.099604143216945e-05,1.853808817031677e-05,1.1887046639458276e-05,4.815573811356444e-05,1.2035890676997951e-05
338,3.125e-06,3.1838324062074676e-05,1.865260105660127e-05,1.1953571402045782e-05,4.810225573237403e-05,1.2266365274626878e-05
339,3.125e-06,3.4891855014421075e-05,1.796923129404604e-05,1.2536128679130343e-05,4.526299449025828e-05,1.1725258332262456e-05
340,3.125e-06,2.669594546618596e-05,1.8857616851164494e-05,1.3157769217286841e-05,4.767852487930213e-05,1.2395877092785668e-05
341,3.125e-06,3.0121711571348097e-05,1.5560691281280015e-05,1.0951261401714874e-05,3.42966472999251e-05,1.1236730756536417e-05
342,3.125e-06,3.2102240545624007e-05,1.7096798046623007e-05,1.2143409776399494e-05,4.0326423913938925e-05,1.1788589972638874e-05
343,3.125e-06,2.9574352221529946e-05,1.757435393301421e-05,1.0706329248932889e-05,4.71624921374314e-05,1.1039046057703672e-05
344,3.125e-06,3.097856857824478e-05,1.6718254755687667e-05,1.1310349236737238e-05,3.9986060983210336e-05,1.1378300541764474e-05
345,3.125e-06,2.6921844106585592e-05,1.75932407273649e-05,1.0795891284942627e-05,4.612637667378294e-05,1.1364351507836545e-05
346,3.125e-06,2.941416297482757e-05,1.7250617247555056e-05,1.1635542136900767e-05,4.1738031768545625e-05,1.1836680528176657e-05
347,3.125e-06,3.5097441358437095e-05,1.4940307437427691e-05,1.1048203532482148e-05,3.1407388178195106e-05,1.1015228437827318e-05
348,3.125e-06,2.9378050247473627e-05,1.5161778264882741e-05,1.16426699605654e-05,3.0617070024163695e-05,1.1363466228431207e-05
349,3.125e-06,3.505612585286144e-05,1.6079121223810944e-05,1.2585812328325119e-05,3.359937227287446e-05,1.1818128541563055e-05
350,1.5625e-06,2.3573080838876635e-05,1.570050631016784e-05,1.1791326187449158e-05,3.474131153780036e-05,1.1209412832613452e-05
351,1.5625e-06,3.315883284151575e-05,1.9971554138464853e-05,1.2192346048323088e-05,5.526930453925161e-05,1.2549687198770698e-05
352,1.5625e-06,2.9025453179863028e-05,1.6882004047147348e-05,1.0485259281267645e-05,4.366162647784222e-05,1.1091409533037222e-05
353,1.5625e-06,3.0304768574062496e-05,1.766942705216934e-05,1.1141518598378752e-05,4.515882369560131e-05,1.1712550303855096e-05
354,1.5625e-06,2.6973465730517283e-05,1.5253864830810926e-05,1.1009279205609346e-05,3.2484230814588955e-05,1.117288263685623e-05
355,1.5625e-06,2.7867115215595923e-05,1.7304633956882753e-05,1.189192744277534e-05,4.068368707521586e-05,1.2156388720541145e-05
356,1.5625e-06,2.563593947839267e-05,1.91288502264797e-05,1.2823971474063e-05,4.816486989511759e-05,1.2865854159826995e-05
357,1.5625e-06,2.3623485751820475e-05,1.7288330582232447e-05,1.1320439739392896e-05,4.048068331030663e-05,1.2306258440730744e-05
358,1.5625e-06,3.160262520285676e-05,1.7029658010869753e-05,1.1608555951170274e-05,4.021615905003273e-05,1.1832798918476328e-05
359,1.5625e-06,2.826109892229204e-05,1.6432094753326965e-05,1.071647398021014e-05,3.7300862231859355e-05,1.2058981383233913e-05
360,1.5625e-06,2.8203984170845203e-05,1.4921890851837816e-05,1.1262158295721747e-05,3.0697967758896993e-05,1.1123424883408006e-05
361,1.5625e-06,3.116425357968017e-05,1.617292764422018e-05,1.1347710596965044e-05,3.594512531890359e-05,1.175846728074248e-05
362,1.5625e-06,2.6799913250601314e-05,1.7318664276899653e-05,1.1696894034685101e-05,4.216813658786123e-05,1.1788981169047474e-05
363,1.5625e-06,2.6881817547925465e-05,1.6301656842188095e-05,1.0220128501714498e-05,3.874894946420682e-05,1.1492069802443439e-05
364,1.5625e-06,2.8109706032740757e-05,1.7347775610687677e-05,1.2164380905232974e-05,4.097304463357432e-05,1.2082875628038892e-05
365,1.5625e-06,2.5797144355072472e-05,1.637046239011397e-05,1.0427996016915131e-05,3.885117826030182e-05,1.1609526609390741e-05
366,1.5625e-06,3.2473200917593203e-05,1.601141275386908e-05,1.2488184438552707e-05,3.3583515460122726e-05,1.1870150729009765e-05
367,1.5625e-06,2.5662442677650798e-05,1.879110754998692e-05,1.2703766287813778e-05,4.7272174697354785e-05,1.2575638947964762e-05
368,1.5625e-06,2.5789040454114772e-05,1.785736549209105e-05,1.2172595916126738e-05,4.303462810639758e-05,1.2407864915076061e-05
369,1.5625e-06,2.916847417068449e-05,1.4792941101404722e-05,1.1659787787721143e-05,2.8883252070954768e-05,1.1318134511384415e-05
370,1.5625e-06,2.6337047088556133e-05,1.7002970480461954e-05,1.1556947356439196e-05,4.129558715249004e-05,1.1542829611244088e-05
371,7.8125e-07,2.4321887422323044e-05,1.5607711247866973e-05,1.1329546168781235e-05,3.3664997999949264e-05,1.1447062888692017e-05
372,7.8125e-07,2.4748034334289983e-05,1.7385570117767202e-05,1.2478452390496386e-05,3.925356827494397e-05,1.2512799685282516e-05
373,7.8125e-07,2.5881194040156323e-05,1.6677382291163667e-05,1.1830296330117562e-05,3.8348390262399334e-05,1.1742533729375282e-05
374,7.8125e-07,2.4955848857644014e-05,1.7208634744747542e-05,1.0760286841104971e-05,4.241813894623192e-05,1.1877080169142573e-05
375,7.8125e-07,2.470676063791016e-05,1.4675533748231828e-05,1.1511465800140286e-05,2.8733518774970435e-05,1.1235071269766195e-05
